Department,count,Average Salary,Salary Std Dev,Min Salary,25th Percentile,Median Salary,75th Percentile,Max Salary
Accounting,96.0,123146.94791666667,57448.61194738711,45049.0,76352.25,110409.0,168912.25,258426.0
Engineering,158.0,109035.20886075949,46083.583232449346,60017.0,79041.5,95311.5,115180.0,255431.0
Finance,120.0,122802.89166666666,57704.20920926962,41336.0,71511.75,122859.5,157830.0,255369.0
Human Resources,125.0,118058.44,55545.49283759185,41728.0,70369.0,110565.0,154956.0,250953.0
IT,241.0,97790.45228215768,46690.71415458776,40063.0,68426.0,86173.0,99557.0,256561.0
Marketing,120.0,129663.03333333334,58286.04298750891,40752.0,79873.75,122202.0,171252.75,257194.0
Sales,140.0,111049.85714285714,53267.30403596582,41429.0,66411.75,96345.0,151723.0,258498.0
