Gender,Ethnicity,count,Average Salary,Salary Std Dev,Min Salary,25th Percentile,Median Salary,75th Percentile,Max Salary
Female,Asian,207.0,114163.2657004831,51991.12829474948,40897.0,72864.5,97537.0,154948.5,249686.0
Female,Black,37.0,122001.24324324324,54407.15166093384,47071.0,72486.0,110302.0,155080.0,223805.0
Female,Caucasian,140.0,107279.27142857143,50861.99767346804,40124.0,68245.0,93136.5,140899.5,255431.0
Female,Latino,134.0,112043.32089552238,52236.414194398276,41429.0,72665.0,93471.5,151588.75,258498.0
Male,Asian,197.0,121268.55329949239,58247.903609061,40063.0,74552.0,103183.0,158787.0,257194.0
Male,Black,37.0,96042.7027027027,52796.45199456791,41336.0,63744.0,71192.0,102440.0,246619.0
Male,Caucasian,131.0,111552.69465648854,52628.166366703605,40752.0,70768.0,97339.0,146358.0,256420.0
Male,Latino,117.0,110954.97435897436,52538.97193044377,40316.0,70980.0,95499.0,132544.0,258081.0
